IS 24L70-730 NR CL2 WS7 T60F GY;52;6975;LED;4,72;96634358;http://www.thornlighting.ru/ru-ru/produkty/naruzhnoie-osvieshchieniie/osvieshchieniie-dorogh/Isaro/isaro-small-optika-narrow-road/96634358
IS 24L85-730 NR CL2 WS7 T60F GY;64;8213;LED;4,59;96634359;http://www.thornlighting.ru/ru-ru/produkty/naruzhnoie-osvieshchieniie/osvieshchieniie-dorogh/Isaro/isaro-small-optika-narrow-road/96634359
IS 36L105-730 NR CL2 WS7 T60F GY;117;14446;LED;5,3;96634366;http://www.thornlighting.ru/ru-ru/produkty/naruzhnoie-osvieshchieniie/osvieshchieniie-dorogh/Isaro/isaro-small-optika-narrow-road/96634366
IS 36L25-730 NR CL2 WS7 T60F GY;29;4170;LED;4,78;96634361;http://www.thornlighting.ru/ru-ru/produkty/naruzhnoie-osvieshchieniie/osvieshchieniie-dorogh/Isaro/isaro-small-optika-narrow-road/96634361
IS 36L35-730 NR CL2 WS7 T60F GY;39;5652;LED;4,78;96634362;http://www.thornlighting.ru/ru-ru/produkty/naruzhnoie-osvieshchieniie/osvieshchieniie-dorogh/Isaro/isaro-small-optika-narrow-road/96634362
IS 36L50-730 NR CL2 WS7 T60F GY;55;7775;LED;4,97;96634363;http://www.thornlighting.ru/ru-ru/produkty/naruzhnoie-osvieshchieniie/osvieshchieniie-dorogh/Isaro/isaro-small-optika-narrow-road/96634363
IS 36L70-730 NR CL2 WS7 T60F GY;76;10411;LED;5,08;96634364;http://www.thornlighting.ru/ru-ru/produkty/naruzhnoie-osvieshchieniie/osvieshchieniie-dorogh/Isaro/isaro-small-optika-narrow-road/96634364
IS 36L85-730 NR CL2 WS7 T60F GY;94;12228;LED;5,3;96634365;http://www.thornlighting.ru/ru-ru/produkty/naruzhnoie-osvieshchieniie/osvieshchieniie-dorogh/Isaro/isaro-small-optika-narrow-road/96634365
ISARO PRO LOUVRE FRONT&BACK&LEFT&RIGHT;;;;0,5;96630495;http://www.thornlighting.ru/ru-ru/produkty/naruzhnoie-osvieshchieniie/osvieshchieniie-dorogh/Isaro_Pro/aksiessuary-isara-pro/96630495
ISARO PRO M LOUVRE FRONT&BACK&LEFT&RIGHT;;;;1,1;96630969;http://www.thornlighting.ru/ru-ru/produkty/naruzhnoie-osvieshchieniie/osvieshchieniie-dorogh/Isaro_Pro/aksiessuary-isara-pro/96630969
ISARO PRO M PC IK10;;;;0,9;96630970;http://www.thornlighting.ru/ru-ru/produkty/naruzhnoie-osvieshchieniie/osvieshchieniie-dorogh/Isaro_Pro/aksiessuary-isara-pro/96630970
ISARO PRO PC IK10;;;;0,45;96630496;http://www.thornlighting.ru/ru-ru/produkty/naruzhnoie-osvieshchieniie/osvieshchieniie-dorogh/Isaro_Pro/aksiessuary-isara-pro/96630496
ISARO PRO SPIGOT D42 M42;;;;5,4;59010718;http://www.thornlighting.ru/ru-ru/produkty/naruzhnoie-osvieshchieniie/osvieshchieniie-dorogh/Isaro_Pro/aksiessuary-isara-pro/59010718
ISARO PRO SPIGOT D42 M42 ANT;;;;5,39;59010562;http://www.thornlighting.ru/ru-ru/produkty/naruzhnoie-osvieshchieniie/osvieshchieniie-dorogh/Isaro_Pro/aksiessuary-isara-pro/59010562
ISARO PRO SPIGOT D42 M42 GY;;;;5,39;59010559;http://www.thornlighting.ru/ru-ru/produkty/naruzhnoie-osvieshchieniie/osvieshchieniie-dorogh/Isaro_Pro/aksiessuary-isara-pro/59010559
ISARO PRO SPIGOT D60 M60;;;;5,4;59010719;http://www.thornlighting.ru/ru-ru/produkty/naruzhnoie-osvieshchieniie/osvieshchieniie-dorogh/Isaro_Pro/aksiessuary-isara-pro/59010719
ISARO PRO SPIGOT D60 M60 ANT;;;;5,39;59010563;http://www.thornlighting.ru/ru-ru/produkty/naruzhnoie-osvieshchieniie/osvieshchieniie-dorogh/Isaro_Pro/aksiessuary-isara-pro/59010563
ISARO PRO SPIGOT D60 M60 GY;;;;5,39;59010560;http://www.thornlighting.ru/ru-ru/produkty/naruzhnoie-osvieshchieniie/osvieshchieniie-dorogh/Isaro_Pro/aksiessuary-isara-pro/59010560
ISARO PRO SPIGOT D76 M76;;;;5,4;59010720;http://www.thornlighting.ru/ru-ru/produkty/naruzhnoie-osvieshchieniie/osvieshchieniie-dorogh/Isaro_Pro/aksiessuary-isara-pro/59010720
ISARO PRO SPIGOT D76 M76 ANT;;;;5,39;59010564;http://www.thornlighting.ru/ru-ru/produkty/naruzhnoie-osvieshchieniie/osvieshchieniie-dorogh/Isaro_Pro/aksiessuary-isara-pro/59010564
ISARO PRO SPIGOT D76 M76 GY;;;;5,4;59010561;http://www.thornlighting.ru/ru-ru/produkty/naruzhnoie-osvieshchieniie/osvieshchieniie-dorogh/Isaro_Pro/aksiessuary-isara-pro/59010561
IVS FLASH NODE 6W 2x3LED ANT;6;;LED;1,93;96256654;http://www.thornlighting.ru/ru-ru/produkty/naruzhnoie-osvieshchieniie/osvieshchieniie-dorogh/Pedestrian_Crossing/ivs-signalling-accessory/96256654
IVS FLASH NODE 6W 2x3LED GRY;6;;LED;1,93;96256655;http://www.thornlighting.ru/ru-ru/produkty/naruzhnoie-osvieshchieniie/osvieshchieniie-dorogh/Pedestrian_Crossing/ivs-signalling-accessory/96256655
JALON LED 12L18 830 MWA H;4;96;LED;0,3;96271423;http://www.thornlighting.ru/ru-ru/produkty/naruzhnoie-osvieshchieniie/vstraivaiemyie-arkhitiekturnyie-prozhiektory/Jalon/jalon-horizontal/96271423
JALON LED 12L18 830 MWA V;4;96;LED;0,3;96271422;http://www.thornlighting.ru/ru-ru/produkty/naruzhnoie-osvieshchieniie/vstraivaiemyie-arkhitiekturnyie-prozhiektory/Jalon/jalon-vertical/96271422
JALON LED 12L18 840 MWA H;4;96;LED;0,3;96271421;http://www.thornlighting.ru/ru-ru/produkty/naruzhnoie-osvieshchieniie/vstraivaiemyie-arkhitiekturnyie-prozhiektory/Jalon/jalon-horizontal/96271421
JALON LED 12L18 840 MWA V;4;96;LED;0,3;96271420;http://www.thornlighting.ru/ru-ru/produkty/naruzhnoie-osvieshchieniie/vstraivaiemyie-arkhitiekturnyie-prozhiektory/Jalon/jalon-vertical/96271420
JALON LED RBOX V/H;;;;0,1;96271424;http://www.thornlighting.ru/ru-ru/produkty/naruzhnoie-osvieshchieniie/vstraivaiemyie-arkhitiekturnyie-prozhiektory/Jalon/jalon-accessory/96271424
JOHANNA LED 18L35-730 CL2 4,5M MTP60;22;1538;LED;7,7;96221653;http://www.thornlighting.ru/ru-ru/produkty/naruzhnoie-osvieshchieniie/sadovo-parkovoie-osvieshchieniie/Johanna_LED/johanna-led/96221653
JOHANNA LED 18L35-740 CL2 4,5M MTP60;22;1687;LED;7,7;96221654;http://www.thornlighting.ru/ru-ru/produkty/naruzhnoie-osvieshchieniie/sadovo-parkovoie-osvieshchieniie/Johanna_LED/johanna-led/96221654
JOHANNA LED 18L50-730 CL2 4,5M MTP60;31;2061;LED;7,7;96221655;http://www.thornlighting.ru/ru-ru/produkty/naruzhnoie-osvieshchieniie/sadovo-parkovoie-osvieshchieniie/Johanna_LED/johanna-led/96221655
JOHANNA LED 18L50-740 CL2 4,5M MTP60;30;2281;LED;7,7;96221656;http://www.thornlighting.ru/ru-ru/produkty/naruzhnoie-osvieshchieniie/sadovo-parkovoie-osvieshchieniie/Johanna_LED/johanna-led/96221656
KAT RD 1000-830 HF;8;950;LED;0,94;96631303;http://www.thornlighting.ru/ru-ru/produkty/vnutriennieie-osvieshchieniie/nastiennyie-svietilniki/Katona/katona-round/96631303
KAT RD 1000-830 HF E3;8;950;LED;1,08;96631315;http://www.thornlighting.ru/ru-ru/produkty/vnutriennieie-osvieshchieniie/nastiennyie-svietilniki/Katona/katona-round-avariinyi/96631315
KAT RD 1000-830 HFI;8;950;LED;1,04;96631324;http://www.thornlighting.ru/ru-ru/produkty/vnutriennieie-osvieshchieniie/nastiennyie-svietilniki/Katona/katona-round-s-dimmirovaniiem/96631324
KAT RD 1000-830 HFI E3;8;950;LED;1,18;96631325;http://www.thornlighting.ru/ru-ru/produkty/vnutriennieie-osvieshchieniie/nastiennyie-svietilniki/Katona/katona-round-s-dimmirovaniiem-avariinyi/96631325
KAT RD 1000-830 MWS E3;8;950;LED;1,13;96631326;http://www.thornlighting.ru/ru-ru/produkty/vnutriennieie-osvieshchieniie/nastiennyie-svietilniki/Katona/katona-round-siensor-avariinyi/96631326
KAT RD 1000-840 COR MWS;8;950;LED;1,09;96631327;http://www.thornlighting.ru/ru-ru/produkty/vnutriennieie-osvieshchieniie/nastiennyie-svietilniki/Katona/katona-round-siensor-koridornaia-funktsiia/96631327
KAT RD 1000-840 COR MWS E3;8;1000;LED;1,31;96631328;http://www.thornlighting.ru/ru-ru/produkty/vnutriennieie-osvieshchieniie/nastiennyie-svietilniki/Katona/katona-round-siensor-koridornaia-funktsiia-avariinyi/96631328
KAT RD 1000-840 HF;8;1000;LED;0,94;96629365;http://www.thornlighting.ru/ru-ru/produkty/vnutriennieie-osvieshchieniie/nastiennyie-svietilniki/Katona/katona-round/96629365
KAT RD 1000-840 HF E3;8;1000;LED;1,08;96631309;http://www.thornlighting.ru/ru-ru/produkty/vnutriennieie-osvieshchieniie/nastiennyie-svietilniki/Katona/katona-round-avariinyi/96631309
KAT RD 1000-840 HFI;8;1000;LED;1,1;96631747;http://www.thornlighting.ru/ru-ru/produkty/vnutriennieie-osvieshchieniie/nastiennyie-svietilniki/Katona/katona-round-s-dimmirovaniiem/96631747
KAT RD 1400-830 HF;12;1325;LED;0,94;96631304;http://www.thornlighting.ru/ru-ru/produkty/vnutriennieie-osvieshchieniie/nastiennyie-svietilniki/Katona/katona-round/96631304
KAT RD 1400-830 HF E3;12;1325;LED;1,08;96631314;http://www.thornlighting.ru/ru-ru/produkty/vnutriennieie-osvieshchieniie/nastiennyie-svietilniki/Katona/katona-round-avariinyi/96631314
KAT RD 1400-840 BC;12;1400;LED;1,09;96631387;http://www.thornlighting.ru/ru-ru/produkty/vnutriennieie-osvieshchieniie/nastiennyie-svietilniki/Katona/katona-round-s-dimmirovaniiem/96631387
KAT RD 1400-840 HF;12;1400;LED;0,94;96629366;http://www.thornlighting.ru/ru-ru/produkty/vnutriennieie-osvieshchieniie/nastiennyie-svietilniki/Katona/katona-round/96629366
KAT RD 1400-840 HF E3;12;1400;LED;1,08;96630358;http://www.thornlighting.ru/ru-ru/produkty/vnutriennieie-osvieshchieniie/nastiennyie-svietilniki/Katona/katona-round-avariinyi/96630358
KAT RD 1400-840 HFL;12;1400;LED;1,04;96631354;http://www.thornlighting.ru/ru-ru/produkty/vnutriennieie-osvieshchieniie/nastiennyie-svietilniki/Katona/katona-round/96631354
KAT RD 1400-840 HFL E3;12;1400;LED;1,18;96631334;http://www.thornlighting.ru/ru-ru/produkty/vnutriennieie-osvieshchieniie/nastiennyie-svietilniki/Katona/katona-round-avariinyi/96631334
KAT RD 2000-830 HF;16;1850;LED;0,98;96631305;http://www.thornlighting.ru/ru-ru/produkty/vnutriennieie-osvieshchieniie/nastiennyie-svietilniki/Katona/katona-round/96631305
KAT RD 2000-830 HF E3;16;1850;LED;1,12;96631316;http://www.thornlighting.ru/ru-ru/produkty/vnutriennieie-osvieshchieniie/nastiennyie-svietilniki/Katona/katona-round-avariinyi/96631316
KAT RD 2000-830 MWS;16;1850;LED;1,02;96631341;http://www.thornlighting.ru/ru-ru/produkty/vnutriennieie-osvieshchieniie/nastiennyie-svietilniki/Katona/katona-round-siensor/96631341
KAT RD 2000-840 HF;16;1950;LED;0,98;96629367;http://www.thornlighting.ru/ru-ru/produkty/vnutriennieie-osvieshchieniie/nastiennyie-svietilniki/Katona/katona-round/96629367
KAT RD 2000-840 HF E3;16;1950;LED;1,12;96631310;http://www.thornlighting.ru/ru-ru/produkty/vnutriennieie-osvieshchieniie/nastiennyie-svietilniki/Katona/katona-round-avariinyi/96631310
KAT RD 2000-840 HF E3D;16;1950;LED;1,14;96631346;http://www.thornlighting.ru/ru-ru/produkty/vnutriennieie-osvieshchieniie/nastiennyie-svietilniki/Katona/katona-round-avariinyi/96631346
KAT RD 2000-840 HFI;16;1950;LED;1,05;96631479;http://www.thornlighting.ru/ru-ru/produkty/vnutriennieie-osvieshchieniie/nastiennyie-svietilniki/Katona/katona-round-s-dimmirovaniiem/96631479
KAT RD 2000-840 HFI E3;16;1950;LED;1,18;96631854;http://www.thornlighting.ru/ru-ru/produkty/vnutriennieie-osvieshchieniie/nastiennyie-svietilniki/Katona/katona-round-s-dimmirovaniiem-avariinyi/96631854
KAT RD 2000-840 MWS;16;1950;LED;1,1;96631745;http://www.thornlighting.ru/ru-ru/produkty/vnutriennieie-osvieshchieniie/nastiennyie-svietilniki/Katona/katona-round-siensor/96631745
KAT RD 2400-840 HFI;22;2400;LED;1,1;96634049;http://www.thornlighting.ru/ru-ru/produkty/vnutriennieie-osvieshchieniie/nastiennyie-svietilniki/Katona/katona-round-s-dimmirovaniiem/96634049
SATYS2 COL 8M 1xBRA 1,2 D60 MWA ANT;;;;86;96264466;http://www.thornlighting.ru/ru-ru/produkty/naruzhnoie-osvieshchieniie/osvieshchieniie-dorogh/Dyana/kompliekty-kolonn/96264466
SATYS2 COL 8M 2xBRA 1,2 D60 ANT;;;;85;96264465;http://www.thornlighting.ru/ru-ru/produkty/naruzhnoie-osvieshchieniie/osvieshchieniie-dorogh/Dyana/kompliekty-kolonn/96264465
SATYS2 COL 9M 1xBRA 1,2 D60 ANT;;;;90;96264467;http://www.thornlighting.ru/ru-ru/produkty/naruzhnoie-osvieshchieniie/osvieshchieniie-dorogh/Dyana/kompliekty-kolonn/96264467
SATYS2 COL 9M 2xBRA 1,2 D60 ANT;;;;95;96264468;http://www.thornlighting.ru/ru-ru/produkty/naruzhnoie-osvieshchieniie/osvieshchieniie-dorogh/Dyana/kompliekty-kolonn/96264468
SATYS2 MWA 0,4 ANT;;;;2,4;96264458;http://www.thornlighting.ru/ru-ru/produkty/naruzhnoie-osvieshchieniie/osvieshchieniie-dorogh/Dyana/kronshtieiny/96264458
SENSA DDP BATTEN;;;;0,1;96601989;http://www.thornlighting.ru/ru-ru/produkty/sistiemy-upravlieniia-osvieshchieniiem-i-avariinoie-osvieshchieniie/sistiemy-upravlieniia-vnutriennim-osvieshchieniiem/SensaLite/datchiki-prisutstviia-s-zatiemnieniiem-dali-dsi/96601989
SENSA DMX ADAPTOR PORT X8;;;;0,1;96261604;http://www.thornlighting.ru/ru-ru/produkty/sistiemy-upravlieniia-osvieshchieniiem-i-avariinoie-osvieshchieniie/sistiemy-upravlieniia-naruzhnym-osvieshchieniiem/Sensa_DMX/aksiessuary-sensa-dmx/96261604
SENSA DMX CABLE DMX512;;;;0,12;96261601;http://www.thornlighting.ru/ru-ru/produkty/sistiemy-upravlieniia-osvieshchieniiem-i-avariinoie-osvieshchieniie/sistiemy-upravlieniia-naruzhnym-osvieshchieniiem/Sensa_DMX/aksiessuary-sensa-dmx/96261601
SENSA DMX CONTROLLER BOX IP65;;;;1,1;96261598;http://www.thornlighting.ru/ru-ru/produkty/sistiemy-upravlieniia-osvieshchieniiem-i-avariinoie-osvieshchieniie/sistiemy-upravlieniia-naruzhnym-osvieshchieniiem/Sensa_DMX/kontrolliery-sensa-dmx/96261598
SENSA DMX CONTROLLER KIT;;;;1,1;96261600;http://www.thornlighting.ru/ru-ru/produkty/sistiemy-upravlieniia-osvieshchieniiem-i-avariinoie-osvieshchieniie/sistiemy-upravlieniia-naruzhnym-osvieshchieniiem/Sensa_DMX/kontrolliery-sensa-dmx/96261600
SENSA DMX POWER SUPPLY;;;;0,1;96261603;http://www.thornlighting.ru/ru-ru/produkty/sistiemy-upravlieniia-osvieshchieniiem-i-avariinoie-osvieshchieniie/sistiemy-upravlieniia-naruzhnym-osvieshchieniiem/Sensa_DMX/aksiessuary-sensa-dmx/96261603
SENSA DMX SPLITTER X4;;;;0,15;96261602;http://www.thornlighting.ru/ru-ru/produkty/sistiemy-upravlieniia-osvieshchieniiem-i-avariinoie-osvieshchieniie/sistiemy-upravlieniia-naruzhnym-osvieshchieniiem/Sensa_DMX/razvietvitieli-sensa-dmx/96261602
SENSA DMX SPLITTER X4 IP65;;;;1,5;96261605;http://www.thornlighting.ru/ru-ru/produkty/sistiemy-upravlieniia-osvieshchieniiem-i-avariinoie-osvieshchieniie/sistiemy-upravlieniia-naruzhnym-osvieshchieniiem/Sensa_DMX/razvietvitieli-sensa-dmx/96261605
SENSA DMX SWITCH 8 POS PREWIRED 3M;;;;0,04;96264082;http://www.thornlighting.ru/ru-ru/produkty/sistiemy-upravlieniia-osvieshchieniiem-i-avariinoie-osvieshchieniie/sistiemy-upravlieniia-naruzhnym-osvieshchieniiem/Sensa_DMX/aksiessuary-sensa-dmx/96264082
SENSA DMX TS CONTROLLER BLACK;;;;0,1;96261606;http://www.thornlighting.ru/ru-ru/produkty/sistiemy-upravlieniia-osvieshchieniiem-i-avariinoie-osvieshchieniie/sistiemy-upravlieniia-naruzhnym-osvieshchieniiem/Sensa_DMX/kontrolliery-sensa-dmx/96261606
SENSA DMX TS CONTROLLER WHITE;;;;0,1;96261599;http://www.thornlighting.ru/ru-ru/produkty/sistiemy-upravlieniia-osvieshchieniiem-i-avariinoie-osvieshchieniie/sistiemy-upravlieniia-naruzhnym-osvieshchieniiem/Sensa_DMX/kontrolliery-sensa-dmx/96261599
SENSA MRE DDM MR;;;;0,15;96239831;http://www.thornlighting.ru/ru-ru/produkty/sistiemy-upravlieniia-osvieshchieniiem-i-avariinoie-osvieshchieniie/sistiemy-upravlieniia-vnutriennim-osvieshchieniiem/SensaLite/datchiki-prisutstviia-s-zatiemnieniiem-dali-dsi/96239831
SENSA MRE DDP;;;;0,15;96601979;http://www.thornlighting.ru/ru-ru/produkty/sistiemy-upravlieniia-osvieshchieniiem-i-avariinoie-osvieshchieniie/sistiemy-upravlieniia-vnutriennim-osvieshchieniiem/SensaLite/datchiki-prisutstviia-s-zatiemnieniiem-dali-dsi/96601979
SENSA MRE DDP HIBAY;;;;0,1;96601982;http://www.thornlighting.ru/ru-ru/produkty/sistiemy-upravlieniia-osvieshchieniiem-i-avariinoie-osvieshchieniie/sistiemy-upravlieniia-vnutriennim-osvieshchieniiem/SensaLite/datchiki-prisutstviia-s-zatiemnieniiem-dali-dsi/96601982
SENSA SDP;;;;0,1;96241223;http://www.thornlighting.ru/ru-ru/produkty/vnutriennieie-osvieshchieniie/nakladnyie-i-podviesnyie-svietilniki/Arena_Symphony/aksiessuary-upravlieniia-arena-symphony/96241223
SENSALINK SENLP2;;;;0,02;96627935;http://www.thornlighting.ru/ru-ru/produkty/sistiemy-upravlieniia-osvieshchieniiem-i-avariinoie-osvieshchieniie/sistiemy-upravlieniia-vnutriennim-osvieshchieniiem/SensaLite/instrumienty-ik-upravlieniia-i-proghrammirovaniia/96627935
SENSOR MWS HIPAK GEN3;;;;0,08;96630823;http://www.thornlighting.ru/ru-ru/produkty/vnutriennieie-osvieshchieniie/promyshliennoie-osvieshchieniie/HiPak/aksiessuary-hipak/96630823
SIMILO RECT 28L50 927 CL1 ANT;13;380;LED;1,27;96632800;http://www.thornlighting.ru/ru-ru/produkty/naruzhnoie-osvieshchieniie/nastiennyie-svietilniki/Similo/similo-rectangular/96632800
SIMILO RECT 28L50 930 CL1 ANT;13;421;LED;1,27;96632803;http://www.thornlighting.ru/ru-ru/produkty/naruzhnoie-osvieshchieniie/nastiennyie-svietilniki/Similo/similo-rectangular/96632803
SIMILO RECT 28L50 940 CL1 ANT;13;423;LED;1,27;96632806;http://www.thornlighting.ru/ru-ru/produkty/naruzhnoie-osvieshchieniie/nastiennyie-svietilniki/Similo/similo-rectangular/96632806
SIMILO ROUND 28L70 927 CL1 ANT;10;338;LED;1,24;96632799;http://www.thornlighting.ru/ru-ru/produkty/naruzhnoie-osvieshchieniie/nastiennyie-svietilniki/Similo/similo-round/96632799
SIMILO ROUND 28L70 930 CL1 ANT;10;374;LED;1,24;96632802;http://www.thornlighting.ru/ru-ru/produkty/naruzhnoie-osvieshchieniie/nastiennyie-svietilniki/Similo/similo-round/96632802
SIMILO ROUND 28L70 940 CL1 ANT;10;388;LED;1,24;96632805;http://www.thornlighting.ru/ru-ru/produkty/naruzhnoie-osvieshchieniie/nastiennyie-svietilniki/Similo/similo-round/96632805
SIMILO SQUARE 28L70 927 CL1 ANT;10;345;LED;1,33;96632798;http://www.thornlighting.ru/ru-ru/produkty/naruzhnoie-osvieshchieniie/nastiennyie-svietilniki/Similo/similo-square/96632798
SIMILO SQUARE 28L70 930 CL1 ANT;10;382;LED;1,33;96632801;http://www.thornlighting.ru/ru-ru/produkty/naruzhnoie-osvieshchieniie/nastiennyie-svietilniki/Similo/similo-square/96632801
SIMILO SQUARE 28L70 940 CL1 ANT;10;401;LED;1,33;96632804;http://www.thornlighting.ru/ru-ru/produkty/naruzhnoie-osvieshchieniie/nastiennyie-svietilniki/Similo/similo-square/96632804
SLOIN slim/EQL/SLOT1/SLOT2 DV Kit;;;;0,2;22169873;http://www.thornlighting.ru/ru-ru/produkty/vnutriennieie-osvieshchieniie/maghistralnyie-svietilniki-i-sistiemy/Equaline/aksiessuary-equaline/22169873
SLOIN/EQL MOUNT NIV PB SET;;;;0,34;22169303;http://www.thornlighting.ru/ru-ru/produkty/vnutriennieie-osvieshchieniie/maghistralnyie-svietilniki-i-sistiemy/Equaline/equaline-installation-accessories-recessed-plasterboard-and-modular/22169303
SLOIN/EQL MOUNT NIV PB SET;;;;0,34;22169303;http://www.thornlighting.ru/ru-ru/produkty/vnutriennieie-osvieshchieniie/maghistralnyie-svietilniki-i-sistiemy/Equaline/aksiessuary-equaline-installation-nakladnyie-i-podviesnyie/22169303
SPARE 3 Cell Batt Nickel Metal Hydride;;;;2,45;59006131;http://www.thornlighting.ru/ru-ru/produkty/sistiemy-upravlieniia-osvieshchieniiem-i-avariinoie-osvieshchieniie/svietilniki-avariinogho-osvieshchieniia/Voyager_Sigma/zapasnyie-voyager-sigma/59006131
SWITCHLITE CC PROGRAMMER;;;;0,02;96240295;http://www.thornlighting.ru/ru-ru/produkty/sistiemy-upravlieniia-osvieshchieniiem-i-avariinoie-osvieshchieniie/sistiemy-upravlieniia-vnutriennim-osvieshchieniiem/SensaLite/instrumienty-ik-upravlieniia-i-proghrammirovaniia/96240295
SWITCHLITE CC PROGRAMMER;;;;0,02;96240295;http://www.thornlighting.ru/ru-ru/produkty/vnutriennieie-osvieshchieniie/maghistralnyie-svietilniki-i-sistiemy/PopPack/aksiessuary-poppack/96240295
SWITCHLITE EASYREMOTE;;;;0,02;96627665;http://www.thornlighting.ru/ru-ru/produkty/sistiemy-upravlieniia-osvieshchieniiem-i-avariinoie-osvieshchieniie/sistiemy-upravlieniia-vnutriennim-osvieshchieniiem/SensaLite/instrumienty-ik-upravlieniia-i-proghrammirovaniia/96627665
SWITCHLITE IR LCD PROGRAMMER;;;;0,2;96241421;http://www.thornlighting.ru/ru-ru/produkty/sistiemy-upravlieniia-osvieshchieniiem-i-avariinoie-osvieshchieniie/sistiemy-upravlieniia-vnutriennim-osvieshchieniiem/SensaLite/instrumienty-ik-upravlieniia-i-proghrammirovaniia/96241421
SWITCHLITE KIT MSF;;;;1,2;96218678;http://www.thornlighting.ru/ru-ru/produkty/sistiemy-upravlieniia-osvieshchieniiem-i-avariinoie-osvieshchieniie/sistiemy-upravlieniia-vnutriennim-osvieshchieniiem/SensaLite/montazhnyie-kompliekty/96218678
SWITCHLITE KIT MSF SLDM ADJ;;;;1,2;96239826;http://www.thornlighting.ru/ru-ru/produkty/sistiemy-upravlieniia-osvieshchieniiem-i-avariinoie-osvieshchieniie/sistiemy-upravlieniia-vnutriennim-osvieshchieniiem/SensaLite/montazhnyie-kompliekty/96239826
SWITCHLITE KIT WALL SLDM ADJ;;;;0,5;96239827;http://www.thornlighting.ru/ru-ru/produkty/sistiemy-upravlieniia-osvieshchieniiem-i-avariinoie-osvieshchieniie/sistiemy-upravlieniia-vnutriennim-osvieshchieniiem/SensaLite/montazhnyie-kompliekty/96239827
SWITCHLITE MRE SLD;;;;0,15;96218677;http://www.thornlighting.ru/ru-ru/produkty/sistiemy-upravlieniia-osvieshchieniiem-i-avariinoie-osvieshchieniie/sistiemy-upravlieniia-vnutriennim-osvieshchieniiem/SensaLite/datchiki-prisutstviia-s-pieriekliuchieniiem/96218677
SWITCHLITE MRE SLD 2CH;;;;0,15;96627553;http://www.thornlighting.ru/ru-ru/produkty/sistiemy-upravlieniia-osvieshchieniiem-i-avariinoie-osvieshchieniie/sistiemy-upravlieniia-vnutriennim-osvieshchieniiem/SensaLite/datchiki-prisutstviia-s-pieriekliuchieniiem/96627553
SWITCHLITE MRE SLD HIBAY;;;;0,2;96601981;http://www.thornlighting.ru/ru-ru/produkty/sistiemy-upravlieniia-osvieshchieniiem-i-avariinoie-osvieshchieniie/sistiemy-upravlieniia-vnutriennim-osvieshchieniiem/SensaLite/datchiki-prisutstviia-s-pieriekliuchieniiem/96601981
SWITCHLITE MRE SLD IP55;;;;0,15;96239821;http://www.thornlighting.ru/ru-ru/produkty/sistiemy-upravlieniia-osvieshchieniiem-i-avariinoie-osvieshchieniie/sistiemy-upravlieniia-vnutriennim-osvieshchieniiem/SensaLite/datchiki-prisutstviia-s-pieriekliuchieniiem/96239821
SWITCHLITE MRE SLD MAN;;;;0,15;96239823;http://www.thornlighting.ru/ru-ru/produkty/sistiemy-upravlieniia-osvieshchieniiem-i-avariinoie-osvieshchieniie/sistiemy-upravlieniia-vnutriennim-osvieshchieniiem/SensaLite/datchiki-prisutstviia-s-pieriekliuchieniiem/96239823
SWITCHLITE MRE SLDD PC;;;;0,14;96239828;http://www.thornlighting.ru/ru-ru/produkty/sistiemy-upravlieniia-osvieshchieniiem-i-avariinoie-osvieshchieniie/sistiemy-upravlieniia-vnutriennim-osvieshchieniiem/SensaLite/fotoeliemient-s-pieriekliuchieniiem/96239828
SWITCHLITE MRE SLDM MR;;;;0,15;96239822;http://www.thornlighting.ru/ru-ru/produkty/sistiemy-upravlieniia-osvieshchieniiem-i-avariinoie-osvieshchieniie/sistiemy-upravlieniia-vnutriennim-osvieshchieniiem/SensaLite/datchiki-prisutstviia-s-pieriekliuchieniiem/96239822
SWITCHLITE SLD BATTEN;;;;0,1;96601988;http://www.thornlighting.ru/ru-ru/produkty/sistiemy-upravlieniia-osvieshchieniiem-i-avariinoie-osvieshchieniie/sistiemy-upravlieniia-vnutriennim-osvieshchieniiem/SensaLite/datchiki-prisutstviia-s-pieriekliuchieniiem/96601988
THORN CEILING ROSE BK BK;;;;0,5;96632738;http://www.thornlighting.ru/ru-ru/produkty/vnutriennieie-osvieshchieniie/nakladnyie-i-podviesnyie-svietilniki/Glacier_II/aksiessuar-glacier-ii/96632738
THORN CEILING ROSE BK WH;;;;0,5;96629782;http://www.thornlighting.ru/ru-ru/produkty/vnutriennieie-osvieshchieniie/nakladnyie-i-podviesnyie-svietilniki/Glacier_II/aksiessuar-glacier-ii/96629782
THORN CEILING ROSE GY GY;;;;0,5;96632740;http://www.thornlighting.ru/ru-ru/produkty/vnutriennieie-osvieshchieniie/nakladnyie-i-podviesnyie-svietilniki/Glacier_II/aksiessuar-glacier-ii/96632740
THORN CEILING ROSE GY WH;;;;0,5;96205307;http://www.thornlighting.ru/ru-ru/produkty/vnutriennieie-osvieshchieniie/nakladnyie-i-podviesnyie-svietilniki/Glacier_II/aksiessuar-glacier-ii/96205307
THORN CEILING ROSE WH WH;;;;0,5;96632739;http://www.thornlighting.ru/ru-ru/produkty/vnutriennieie-osvieshchieniie/nakladnyie-i-podviesnyie-svietilniki/Glacier_II/aksiessuar-glacier-ii/96632739
TR 12L25 740 NR BPS HFX CL2 FD T60E ANT;12;1488;LED;10,6;96630261;http://www.thornlighting.ru/ru-ru/produkty/naruzhnoie-osvieshchieniie/osvieshchieniie-dorogh/Thor/thor-s-montazh-svierkhu-na-oporu-polnyi-kupol-optika-narrow-road/96630261
TR 12L25-730 SC BPS HFX CL2 OP W6 L60E;18;1367;LED;10,6;96665276;http://www.thornlighting.ru/ru-ru/produkty/naruzhnoie-osvieshchieniie/osvieshchieniie-dorogh/Thor/thor-s-montazh-sboku-opalovyi-kupol-optika-street-comfort/96665276
TR 12L25-730 SC BPS HFX CL2 OP W6 T60E;18;1367;LED;10,6;96665236;http://www.thornlighting.ru/ru-ru/produkty/naruzhnoie-osvieshchieniie/osvieshchieniie-dorogh/Thor/thor-s-montazh-svierkhu-na-oporu-opalovyi-kupol-optika-street-comfort/96665236
TR 12L25-740 SC BPS HFX CL2 OP W6 L60E;18;1500;LED;10,6;96665277;http://www.thornlighting.ru/ru-ru/produkty/naruzhnoie-osvieshchieniie/osvieshchieniie-dorogh/Thor/thor-s-montazh-sboku-opalovyi-kupol-optika-street-comfort/96665277
TR 12L25-740 SC BPS HFX CL2 OP W6 T60E;18;1500;LED;10,6;96665237;http://www.thornlighting.ru/ru-ru/produkty/naruzhnoie-osvieshchieniie/osvieshchieniie-dorogh/Thor/thor-s-montazh-svierkhu-na-oporu-opalovyi-kupol-optika-street-comfort/96665237
TR 12L35-740 NR BPS HFX CL2 FD MSU34GM;15;2016;LED;8,2;96630280;http://www.thornlighting.ru/ru-ru/produkty/naruzhnoie-osvieshchieniie/osvieshchieniie-dorogh/Thor/thor-s-podviesn-polnyi-kupol-optika-narrow-road/96630280
TR 12L35-740 NR BPS HFX CL2 OP T60E;21;2016;LED;10,6;96630262;http://www.thornlighting.ru/ru-ru/produkty/naruzhnoie-osvieshchieniie/osvieshchieniie-dorogh/Thor/thor-s-montazh-svierkhu-na-oporu-opalovyi-kupol-optika-narrow-road/96630262
TR 12L35-740 NR BPS HFX CL2 OP W6 T60E;21;2016;LED;10,6;96630363;http://www.thornlighting.ru/ru-ru/produkty/naruzhnoie-osvieshchieniie/osvieshchieniie-dorogh/Thor/thor-s-montazh-svierkhu-na-oporu-opalovyi-kupol-optika-narrow-road/96630363
TR 12L35-740 SC BPS HFX CL2 FD T60E;15;2032;LED;10,6;96630271;http://www.thornlighting.ru/ru-ru/produkty/naruzhnoie-osvieshchieniie/osvieshchieniie-dorogh/Thor/thor-s-montazh-svierkhu-na-oporu-polnyi-kupol-optika-street-comfort/96630271
TR 12L35-740 SC BPS HFX CL2 OP W6 T60E;21;2032;LED;10,6;96630361;http://www.thornlighting.ru/ru-ru/produkty/naruzhnoie-osvieshchieniie/osvieshchieniie-dorogh/Thor/thor-s-montazh-svierkhu-na-oporu-opalovyi-kupol-optika-street-comfort/96630361
TR 12L50-740 NR BPS HFX CL2 FD MSU34GM;21;2776;LED;8,2;96630281;http://www.thornlighting.ru/ru-ru/produkty/naruzhnoie-osvieshchieniie/osvieshchieniie-dorogh/Thor/thor-s-podviesn-polnyi-kupol-optika-narrow-road/96630281
TR 12L50-740 NR BPS HFX CL2 OP T60E;27;2776;LED;10,6;96630263;http://www.thornlighting.ru/ru-ru/produkty/naruzhnoie-osvieshchieniie/osvieshchieniie-dorogh/Thor/thor-s-montazh-svierkhu-na-oporu-opalovyi-kupol-optika-narrow-road/96630263
TR 12L50-740 NR BPS HFX CL2 OP W6 T60E;27;2776;LED;10,6;96630364;http://www.thornlighting.ru/ru-ru/produkty/naruzhnoie-osvieshchieniie/osvieshchieniie-dorogh/Thor/thor-s-montazh-svierkhu-na-oporu-opalovyi-kupol-optika-narrow-road/96630364
TR 12L50-740 SC BPS HFX CL2 FD T60E;21;2798;LED;10,6;96630272;http://www.thornlighting.ru/ru-ru/produkty/naruzhnoie-osvieshchieniie/osvieshchieniie-dorogh/Thor/thor-s-montazh-svierkhu-na-oporu-polnyi-kupol-optika-street-comfort/96630272
TR 12L50-740 SC BPS HFX CL2 OP W6 T60E;27;2798;LED;10,6;96630362;http://www.thornlighting.ru/ru-ru/produkty/naruzhnoie-osvieshchieniie/osvieshchieniie-dorogh/Thor/thor-s-montazh-svierkhu-na-oporu-opalovyi-kupol-optika-street-comfort/96630362
TR 12L70-730 SC BPS HFX CL2 FD W6 L60E;28;3421;LED;10;96665278;http://www.thornlighting.ru/ru-ru/produkty/naruzhnoie-osvieshchieniie/osvieshchieniie-dorogh/Thor/thor-s-montazh-sboku-polnyi-kupol-optika-street-comfort/96665278
TR 12L70-730 SC BPS HFX CL2 FD W6 T60E;28;3421;LED;10,6;96665238;http://www.thornlighting.ru/ru-ru/produkty/naruzhnoie-osvieshchieniie/osvieshchieniie-dorogh/Thor/thor-s-montazh-svierkhu-na-oporu-polnyi-kupol-optika-street-comfort/96665238
TR 12L70-730 SC BPS HFX CL2 OP W6 L60E;34;3421;LED;10,6;96665280;http://www.thornlighting.ru/ru-ru/produkty/naruzhnoie-osvieshchieniie/osvieshchieniie-dorogh/Thor/thor-s-montazh-sboku-opalovyi-kupol-optika-street-comfort/96665280
TR 12L70-730 SC BPS HFX CL2 OP W6 T60E;34;3421;LED;10,6;96665240;http://www.thornlighting.ru/ru-ru/produkty/naruzhnoie-osvieshchieniie/osvieshchieniie-dorogh/Thor/thor-s-montazh-svierkhu-na-oporu-opalovyi-kupol-optika-street-comfort/96665240
TR 12L70-740 NR BPS HFX CL2 FD MSU34GM;28;3765;LED;8,2;96630282;http://www.thornlighting.ru/ru-ru/produkty/naruzhnoie-osvieshchieniie/osvieshchieniie-dorogh/Thor/thor-s-podviesn-polnyi-kupol-optika-narrow-road/96630282
TR 12L70-740 NR BPS HFX CL2 OP T60E;34;3723;LED;10,6;96630264;http://www.thornlighting.ru/ru-ru/produkty/naruzhnoie-osvieshchieniie/osvieshchieniie-dorogh/Thor/thor-s-montazh-svierkhu-na-oporu-opalovyi-kupol-optika-narrow-road/96630264
TR 12L70-740 NR BPS HFX CL2 OP W6 T60E;34;3723;LED;10,6;96630365;http://www.thornlighting.ru/ru-ru/produkty/naruzhnoie-osvieshchieniie/osvieshchieniie-dorogh/Thor/thor-s-montazh-svierkhu-na-oporu-opalovyi-kupol-optika-narrow-road/96630365
TR 12L70-740 SC BPS HFX CL2 FD W6 L60E;28;3752;LED;10;96665279;http://www.thornlighting.ru/ru-ru/produkty/naruzhnoie-osvieshchieniie/osvieshchieniie-dorogh/Thor/thor-s-montazh-sboku-polnyi-kupol-optika-street-comfort/96665279
TR 12L70-740 SC BPS HFX CL2 FD W6 T60E;28;3752;LED;10,6;96665239;http://www.thornlighting.ru/ru-ru/produkty/naruzhnoie-osvieshchieniie/osvieshchieniie-dorogh/Thor/thor-s-montazh-svierkhu-na-oporu-polnyi-kupol-optika-street-comfort/96665239
TR 12L70-740 SC BPS HFX CL2 OP W6 L60E;34;3752;LED;10,6;96665281;http://www.thornlighting.ru/ru-ru/produkty/naruzhnoie-osvieshchieniie/osvieshchieniie-dorogh/Thor/thor-s-montazh-sboku-opalovyi-kupol-optika-street-comfort/96665281
TR 12L70-740 SC BPS HFX CL2 OP W6 T60E;34;3752;LED;10,6;96665241;http://www.thornlighting.ru/ru-ru/produkty/naruzhnoie-osvieshchieniie/osvieshchieniie-dorogh/Thor/thor-s-montazh-svierkhu-na-oporu-opalovyi-kupol-optika-street-comfort/96665241
TR 24L105-730 WS-S BPS CL2 FD MCA;79;9222;LED;8,6;96665350;http://www.thornlighting.ru/ru-ru/produkty/naruzhnoie-osvieshchieniie/osvieshchieniie-dorogh/Thor/thor-s-tsiepnaia-podvieska-polnyi-kupol-optika-wide-street/96665350
TR 24L105-740 NR-S BPS CL2 FD MCA;79;10183;LED;8,6;96630287;http://www.thornlighting.ru/ru-ru/produkty/naruzhnoie-osvieshchieniie/osvieshchieniie-dorogh/Thor/thor-s-tsiepnaia-podvieska-polnyi-kupol-optika-narrow-road/96630287
TR 24L105-740 WS-S BPS CL2 FD MCA;79;10114;LED;8,6;96665351;http://www.thornlighting.ru/ru-ru/produkty/naruzhnoie-osvieshchieniie/osvieshchieniie-dorogh/Thor/thor-s-tsiepnaia-podvieska-polnyi-kupol-optika-wide-street/96665351
TR 24L35-740 NR BPS HFX CL2 FD MSU34GM;28;4020;LED;8,2;96630283;http://www.thornlighting.ru/ru-ru/produkty/naruzhnoie-osvieshchieniie/osvieshchieniie-dorogh/Thor/thor-s-podviesn-polnyi-kupol-optika-narrow-road/96630283
TR 24L35-740 NR BPS HFX CL2 FD T60E;28;4020;LED;10,6;96630274;http://www.thornlighting.ru/ru-ru/produkty/naruzhnoie-osvieshchieniie/osvieshchieniie-dorogh/Thor/thor-s-montazh-svierkhu-na-oporu-polnyi-kupol-optika-narrow-road/96630274
TR 24L35-740 NR BPS HFX CL2 OP T60E;34;4020;LED;10,6;96630265;http://www.thornlighting.ru/ru-ru/produkty/naruzhnoie-osvieshchieniie/osvieshchieniie-dorogh/Thor/thor-s-montazh-svierkhu-na-oporu-opalovyi-kupol-optika-narrow-road/96630265
TR 24L35-740 NR BPS HFX CL2 OP W6 T60E;34;4020;LED;10,6;96630366;http://www.thornlighting.ru/ru-ru/produkty/naruzhnoie-osvieshchieniie/osvieshchieniie-dorogh/Thor/thor-s-montazh-svierkhu-na-oporu-opalovyi-kupol-optika-narrow-road/96630366
TR 24L50-740 NR BPS HFX CL2 FD MSU34GM;38;5521;LED;8,2;96630284;http://www.thornlighting.ru/ru-ru/produkty/naruzhnoie-osvieshchieniie/osvieshchieniie-dorogh/Thor/thor-s-podviesn-polnyi-kupol-optika-narrow-road/96630284
TR 24L50-740 NR BPS HFX CL2 FD T60E;38;5521;LED;10,6;96630275;http://www.thornlighting.ru/ru-ru/produkty/naruzhnoie-osvieshchieniie/osvieshchieniie-dorogh/Thor/thor-s-montazh-svierkhu-na-oporu-polnyi-kupol-optika-narrow-road/96630275
TR 24L50-740 NR BPS HFX CL2 FD W6 T60E;38;5521;LED;10,6;96630369;http://www.thornlighting.ru/ru-ru/produkty/naruzhnoie-osvieshchieniie/osvieshchieniie-dorogh/Thor/thor-s-montazh-svierkhu-na-oporu-polnyi-kupol-optika-narrow-road/96630369
TR 24L50-740 NR BPS HFX CL2 OP T60E;34;5521;LED;10,6;96630266;http://www.thornlighting.ru/ru-ru/produkty/naruzhnoie-osvieshchieniie/osvieshchieniie-dorogh/Thor/thor-s-montazh-svierkhu-na-oporu-opalovyi-kupol-optika-narrow-road/96630266
VOYAGER STAR MRCR SPOT E3 WH;;;LED;1;96548994;http://www.thornlighting.ru/ru-ru/produkty/sistiemy-upravlieniia-osvieshchieniiem-i-avariinoie-osvieshchieniie/svietilniki-avariinogho-osvieshchieniia/Voyager_Star/voyager-star-recessed-tochiechnyie/96548994
VOYAGER STAR MRCR SPOT ECC SR;;;LED;1;96631644;http://www.thornlighting.ru/ru-ru/produkty/sistiemy-upravlieniia-osvieshchieniiem-i-avariinoie-osvieshchieniie/svietilniki-avariinogho-osvieshchieniia/Voyager_Star/voyager-star-recessed-tochiechnyie/96631644
VOYAGER STAR MRCR SPOT ECC WH;;;LED;1;96631641;http://www.thornlighting.ru/ru-ru/produkty/sistiemy-upravlieniia-osvieshchieniiem-i-avariinoie-osvieshchieniie/svietilniki-avariinogho-osvieshchieniia/Voyager_Star/voyager-star-recessed-tochiechnyie/96631641
VOYAGER STAR MRCR SPOT ECS SR;;;LED;0;92911940;http://www.thornlighting.ru/ru-ru/produkty/sistiemy-upravlieniia-osvieshchieniiem-i-avariinoie-osvieshchieniie/svietilniki-avariinogho-osvieshchieniia/Voyager_Star/voyager-star-recessed-tochiechnyie/92911940
VOYAGER STAR MRCR SPOT ECS WH;;;LED;1;96631645;http://www.thornlighting.ru/ru-ru/produkty/sistiemy-upravlieniia-osvieshchieniiem-i-avariinoie-osvieshchieniie/svietilniki-avariinogho-osvieshchieniia/Voyager_Star/voyager-star-recessed-tochiechnyie/96631645
VOYAGER STAR MSC ANT E3 SR;;;LED;1;96548982;http://www.thornlighting.ru/ru-ru/produkty/sistiemy-upravlieniia-osvieshchieniiem-i-avariinoie-osvieshchieniie/svietilniki-avariinogho-osvieshchieniia/Voyager_Star/voyager-star-surface-priedotvrashchieniie-paniki/96548982
VOYAGER STAR MSC ANT E3 WH;;;LED;1;96548984;http://www.thornlighting.ru/ru-ru/produkty/sistiemy-upravlieniia-osvieshchieniiem-i-avariinoie-osvieshchieniie/svietilniki-avariinogho-osvieshchieniia/Voyager_Star/voyager-star-surface-priedotvrashchieniie-paniki/96548984
VOYAGER STAR MSC ANT ECC SR;;;LED;1;96631654;http://www.thornlighting.ru/ru-ru/produkty/sistiemy-upravlieniia-osvieshchieniiem-i-avariinoie-osvieshchieniie/svietilniki-avariinogho-osvieshchieniia/Voyager_Star/voyager-star-surface-priedotvrashchieniie-paniki/96631654
VOYAGER STAR MSC ANT ECC WH;;;LED;1;96631285;http://www.thornlighting.ru/ru-ru/produkty/sistiemy-upravlieniia-osvieshchieniiem-i-avariinoie-osvieshchieniie/svietilniki-avariinogho-osvieshchieniia/Voyager_Star/voyager-star-surface-priedotvrashchieniie-paniki/96631285
VOYAGER STAR MSC ANT ECS SR;;;LED;0;92911941;http://www.thornlighting.ru/ru-ru/produkty/sistiemy-upravlieniia-osvieshchieniiem-i-avariinoie-osvieshchieniie/svietilniki-avariinogho-osvieshchieniia/Voyager_Star/voyager-star-surface-priedotvrashchieniie-paniki/92911941
VOYAGER STAR MSC ESC E3 SR;;;LED;1;96548972;http://www.thornlighting.ru/ru-ru/produkty/sistiemy-upravlieniia-osvieshchieniiem-i-avariinoie-osvieshchieniie/svietilniki-avariinogho-osvieshchieniia/Voyager_Star/voyager-star-surface-evakuatsiia/96548972
VOYAGER STAR MSC ESC E3 WH;;;LED;1;96548974;http://www.thornlighting.ru/ru-ru/produkty/sistiemy-upravlieniia-osvieshchieniiem-i-avariinoie-osvieshchieniie/svietilniki-avariinogho-osvieshchieniia/Voyager_Star/voyager-star-surface-evakuatsiia/96548974
VOYAGER STAR MSC ESC ECC SR;;;LED;1;96631653;http://www.thornlighting.ru/ru-ru/produkty/sistiemy-upravlieniia-osvieshchieniiem-i-avariinoie-osvieshchieniie/svietilniki-avariinogho-osvieshchieniia/Voyager_Star/voyager-star-surface-evakuatsiia/96631653
VOYAGER STAR MSC ESC ECC WH;;;LED;1;96631284;http://www.thornlighting.ru/ru-ru/produkty/sistiemy-upravlieniia-osvieshchieniiem-i-avariinoie-osvieshchieniie/svietilniki-avariinogho-osvieshchieniia/Voyager_Star/voyager-star-surface-evakuatsiia/96631284
VOYAGER STAR MSC ESC ECS SR;;;LED;0;92911942;http://www.thornlighting.ru/ru-ru/produkty/sistiemy-upravlieniia-osvieshchieniiem-i-avariinoie-osvieshchieniie/svietilniki-avariinogho-osvieshchieniia/Voyager_Star/voyager-star-surface-evakuatsiia/92911942
VOYAGER STAR MSC SPOT E3 SR;;;LED;1;96548965;http://www.thornlighting.ru/ru-ru/produkty/sistiemy-upravlieniia-osvieshchieniiem-i-avariinoie-osvieshchieniie/svietilniki-avariinogho-osvieshchieniia/Voyager_Star/voyager-star-surface-tochiechnyie/96548965
VOYAGER STAR MSC SPOT E3 WH;;;LED;1;96548967;http://www.thornlighting.ru/ru-ru/produkty/sistiemy-upravlieniia-osvieshchieniiem-i-avariinoie-osvieshchieniie/svietilniki-avariinogho-osvieshchieniia/Voyager_Star/voyager-star-surface-tochiechnyie/96548967
VOYAGER STAR MSC SPOT ECC SR;;;LED;1;96631655;http://www.thornlighting.ru/ru-ru/produkty/sistiemy-upravlieniia-osvieshchieniiem-i-avariinoie-osvieshchieniie/svietilniki-avariinogho-osvieshchieniia/Voyager_Star/voyager-star-surface-tochiechnyie/96631655
VOYAGER STAR MSC SPOT ECC WH;;;LED;1;96631652;http://www.thornlighting.ru/ru-ru/produkty/sistiemy-upravlieniia-osvieshchieniiem-i-avariinoie-osvieshchieniie/svietilniki-avariinogho-osvieshchieniia/Voyager_Star/voyager-star-surface-tochiechnyie/96631652
VOYAGER STAR MSC SPOT ECS SR;;;LED;0;92911943;http://www.thornlighting.ru/ru-ru/produkty/sistiemy-upravlieniia-osvieshchieniiem-i-avariinoie-osvieshchieniie/svietilniki-avariinogho-osvieshchieniia/Voyager_Star/voyager-star-surface-tochiechnyie/92911943
VOYAGER STAR P KIT ANT E1D;;;LED;0,5;96631295;http://www.thornlighting.ru/ru-ru/produkty/sistiemy-upravlieniia-osvieshchieniiem-i-avariinoie-osvieshchieniie/svietilniki-avariinogho-osvieshchieniia/Voyager_Star/voyager-star-kit-priedotvrashchieniie-paniki/96631295
VOYAGER STAR P KIT ANT E3D;;;LED;0,5;96629610;http://www.thornlighting.ru/ru-ru/produkty/sistiemy-upravlieniia-osvieshchieniiem-i-avariinoie-osvieshchieniie/svietilniki-avariinogho-osvieshchieniia/Voyager_Star/voyager-star-kit-priedotvrashchieniie-paniki/96629610
VOYAGER STAR P KIT ANT ECD;;;LED;0,2;96633230;http://www.thornlighting.ru/ru-ru/produkty/sistiemy-upravlieniia-osvieshchieniiem-i-avariinoie-osvieshchieniie/svietilniki-avariinogho-osvieshchieniia/Voyager_Star/voyager-star-kit-priedotvrashchieniie-paniki/96633230
VOYAGER STAR P KIT ANT ECP;;;LED;0,2;96633237;http://www.thornlighting.ru/ru-ru/produkty/sistiemy-upravlieniia-osvieshchieniiem-i-avariinoie-osvieshchieniie/svietilniki-avariinogho-osvieshchieniia/Voyager_Star/voyager-star-kit-priedotvrashchieniie-paniki/96633237
VOYAGER STAR P KIT ESC E1D;;;LED;0,5;96631294;http://www.thornlighting.ru/ru-ru/produkty/sistiemy-upravlieniia-osvieshchieniiem-i-avariinoie-osvieshchieniie/svietilniki-avariinogho-osvieshchieniia/Voyager_Star/voyager-star-kit-evakuatsiia/96631294
VOYAGER STAR P KIT ESC E3D;;;LED;0,5;96629609;http://www.thornlighting.ru/ru-ru/produkty/sistiemy-upravlieniia-osvieshchieniiem-i-avariinoie-osvieshchieniie/svietilniki-avariinogho-osvieshchieniia/Voyager_Star/voyager-star-kit-evakuatsiia/96629609
VOYAGER STAR P KIT ESC ECD;;;LED;0,2;96633229;http://www.thornlighting.ru/ru-ru/produkty/sistiemy-upravlieniia-osvieshchieniiem-i-avariinoie-osvieshchieniie/svietilniki-avariinogho-osvieshchieniia/Voyager_Star/voyager-star-kit-evakuatsiia/96633229
VOYAGER STAR P KIT ESC ECP;;;LED;0,2;96633236;http://www.thornlighting.ru/ru-ru/produkty/sistiemy-upravlieniia-osvieshchieniiem-i-avariinoie-osvieshchieniie/svietilniki-avariinogho-osvieshchieniia/Voyager_Star/voyager-star-kit-evakuatsiia/96633236
VOYAGER STAR P KIT SPOT E1D;;;LED;0,5;96631658;http://www.thornlighting.ru/ru-ru/produkty/sistiemy-upravlieniia-osvieshchieniiem-i-avariinoie-osvieshchieniie/svietilniki-avariinogho-osvieshchieniia/Voyager_Star/voyager-star-kit-tochiechnyie/96631658
VOYAGER STAR P KIT SPOT E3D;;;LED;0,5;96631657;http://www.thornlighting.ru/ru-ru/produkty/sistiemy-upravlieniia-osvieshchieniiem-i-avariinoie-osvieshchieniie/svietilniki-avariinogho-osvieshchieniia/Voyager_Star/voyager-star-kit-tochiechnyie/96631657
VOYAGER STAR P KIT SPOT ECD;;;LED;0,2;96633231;http://www.thornlighting.ru/ru-ru/produkty/sistiemy-upravlieniia-osvieshchieniiem-i-avariinoie-osvieshchieniie/svietilniki-avariinogho-osvieshchieniia/Voyager_Star/voyager-star-kit-tochiechnyie/96633231
VOYAGER STAR P KIT SPOT ECP;;;LED;0,2;96633238;http://www.thornlighting.ru/ru-ru/produkty/sistiemy-upravlieniia-osvieshchieniiem-i-avariinoie-osvieshchieniie/svietilniki-avariinogho-osvieshchieniia/Voyager_Star/voyager-star-kit-tochiechnyie/96633238
VOYAGER STAR P MRCR ANT E1D SR;;;LED;1;96631636;http://www.thornlighting.ru/ru-ru/produkty/sistiemy-upravlieniia-osvieshchieniiem-i-avariinoie-osvieshchieniie/svietilniki-avariinogho-osvieshchieniia/Voyager_Star/voyager-star-recessed-priedotvrashchieniie-paniki/96631636
VOYAGER STAR P MRCR ANT E1D WH;;;LED;1;96631279;http://www.thornlighting.ru/ru-ru/produkty/sistiemy-upravlieniia-osvieshchieniiem-i-avariinoie-osvieshchieniie/svietilniki-avariinogho-osvieshchieniia/Voyager_Star/voyager-star-recessed-priedotvrashchieniie-paniki/96631279
VOYAGER STAR P MRCR ANT E3D SR;;;LED;1;96629613;http://www.thornlighting.ru/ru-ru/produkty/sistiemy-upravlieniia-osvieshchieniiem-i-avariinoie-osvieshchieniie/svietilniki-avariinogho-osvieshchieniia/Voyager_Star/voyager-star-recessed-priedotvrashchieniie-paniki/96629613
VOYAGER STAR P MRCR ANT E3D WH;;;LED;1;96629615;http://www.thornlighting.ru/ru-ru/produkty/sistiemy-upravlieniia-osvieshchieniiem-i-avariinoie-osvieshchieniie/svietilniki-avariinogho-osvieshchieniia/Voyager_Star/voyager-star-recessed-priedotvrashchieniie-paniki/96629615
VOYAGER STAR P MRCR ANT ECD SR;;;LED;0,45;96633243;http://www.thornlighting.ru/ru-ru/produkty/sistiemy-upravlieniia-osvieshchieniiem-i-avariinoie-osvieshchieniie/svietilniki-avariinogho-osvieshchieniia/Voyager_Star/voyager-star-recessed-priedotvrashchieniie-paniki/96633243
VOYAGER STAR P MRCR ANT ECD WH;;;LED;0,45;96633208;http://www.thornlighting.ru/ru-ru/produkty/sistiemy-upravlieniia-osvieshchieniiem-i-avariinoie-osvieshchieniie/svietilniki-avariinogho-osvieshchieniia/Voyager_Star/voyager-star-recessed-priedotvrashchieniie-paniki/96633208
VOYAGER STAR P MRCR ANT ECP SR;;;LED;0,45;96633249;http://www.thornlighting.ru/ru-ru/produkty/sistiemy-upravlieniia-osvieshchieniiem-i-avariinoie-osvieshchieniie/svietilniki-avariinogho-osvieshchieniia/Voyager_Star/voyager-star-recessed-priedotvrashchieniie-paniki/96633249
VOYAGER STAR P MRCR ANT ECP WH;;;LED;0,45;96633211;http://www.thornlighting.ru/ru-ru/produkty/sistiemy-upravlieniia-osvieshchieniiem-i-avariinoie-osvieshchieniie/svietilniki-avariinogho-osvieshchieniia/Voyager_Star/voyager-star-recessed-priedotvrashchieniie-paniki/96633211
VOYAGER STAR P MRCR ESC E1D SR;;;LED;1;96631635;http://www.thornlighting.ru/ru-ru/produkty/sistiemy-upravlieniia-osvieshchieniiem-i-avariinoie-osvieshchieniie/svietilniki-avariinogho-osvieshchieniia/Voyager_Star/voyager-star-recessed-evakuatsiia/96631635
VOYAGER STAR P MRCR ESC E1D WH;;;LED;1;96631278;http://www.thornlighting.ru/ru-ru/produkty/sistiemy-upravlieniia-osvieshchieniiem-i-avariinoie-osvieshchieniie/svietilniki-avariinogho-osvieshchieniia/Voyager_Star/voyager-star-recessed-evakuatsiia/96631278
VOYAGER STAR P MRCR ESC E3D SR;;;LED;1;96631639;http://www.thornlighting.ru/ru-ru/produkty/sistiemy-upravlieniia-osvieshchieniiem-i-avariinoie-osvieshchieniie/svietilniki-avariinogho-osvieshchieniia/Voyager_Star/voyager-star-recessed-evakuatsiia/96631639
VOYAGER STAR P MRCR ESC E3D WH;;;LED;1;96629617;http://www.thornlighting.ru/ru-ru/produkty/sistiemy-upravlieniia-osvieshchieniiem-i-avariinoie-osvieshchieniie/svietilniki-avariinogho-osvieshchieniia/Voyager_Star/voyager-star-recessed-evakuatsiia/96629617
VOYAGER STAR P MRCR ESC ECD SR;;;LED;0,45;96633242;http://www.thornlighting.ru/ru-ru/produkty/sistiemy-upravlieniia-osvieshchieniiem-i-avariinoie-osvieshchieniie/svietilniki-avariinogho-osvieshchieniia/Voyager_Star/voyager-star-recessed-evakuatsiia/96633242
VOYAGER STAR P MRCR ESC ECD WH;;;LED;0,45;96633227;http://www.thornlighting.ru/ru-ru/produkty/sistiemy-upravlieniia-osvieshchieniiem-i-avariinoie-osvieshchieniie/svietilniki-avariinogho-osvieshchieniia/Voyager_Star/voyager-star-recessed-evakuatsiia/96633227
VOYAGER STAR P MRCR ESC ECP SR;;;LED;0,45;96633248;http://www.thornlighting.ru/ru-ru/produkty/sistiemy-upravlieniia-osvieshchieniiem-i-avariinoie-osvieshchieniie/svietilniki-avariinogho-osvieshchieniia/Voyager_Star/voyager-star-recessed-evakuatsiia/96633248
VOYAGER STAR P MRCR ESC ECP WH;;;LED;0,45;96633234;http://www.thornlighting.ru/ru-ru/produkty/sistiemy-upravlieniia-osvieshchieniiem-i-avariinoie-osvieshchieniie/svietilniki-avariinogho-osvieshchieniia/Voyager_Star/voyager-star-recessed-evakuatsiia/96633234
VOYAGER STAR P MRCR SPOT E1D SR;;;LED;1;96631637;http://www.thornlighting.ru/ru-ru/produkty/sistiemy-upravlieniia-osvieshchieniiem-i-avariinoie-osvieshchieniie/svietilniki-avariinogho-osvieshchieniia/Voyager_Star/voyager-star-recessed-tochiechnyie/96631637
VOYAGER STAR P MRCR SPOT E1D WH;;;LED;1;96631634;http://www.thornlighting.ru/ru-ru/produkty/sistiemy-upravlieniia-osvieshchieniiem-i-avariinoie-osvieshchieniie/svietilniki-avariinogho-osvieshchieniia/Voyager_Star/voyager-star-recessed-tochiechnyie/96631634
VOYAGER STAR P MRCR SPOT E3D SR;;;LED;1;96631640;http://www.thornlighting.ru/ru-ru/produkty/sistiemy-upravlieniia-osvieshchieniiem-i-avariinoie-osvieshchieniie/svietilniki-avariinogho-osvieshchieniia/Voyager_Star/voyager-star-recessed-tochiechnyie/96631640
VOYAGER STAR P MRCR SPOT E3D WH;;;LED;1;96631638;http://www.thornlighting.ru/ru-ru/produkty/sistiemy-upravlieniia-osvieshchieniiem-i-avariinoie-osvieshchieniie/svietilniki-avariinogho-osvieshchieniia/Voyager_Star/voyager-star-recessed-tochiechnyie/96631638
VOYAGER STAR P MRCR SPOT ECD SR;;;LED;0,45;96633244;http://www.thornlighting.ru/ru-ru/produkty/sistiemy-upravlieniia-osvieshchieniiem-i-avariinoie-osvieshchieniie/svietilniki-avariinogho-osvieshchieniia/Voyager_Star/voyager-star-recessed-tochiechnyie/96633244
VOYAGER STAR P MRCR SPOT ECD WH;;;LED;0,45;96633228;http://www.thornlighting.ru/ru-ru/produkty/sistiemy-upravlieniia-osvieshchieniiem-i-avariinoie-osvieshchieniie/svietilniki-avariinogho-osvieshchieniia/Voyager_Star/voyager-star-recessed-tochiechnyie/96633228
VOYAGER STAR P MRCR SPOT ECP SR;;;LED;0,45;96633250;http://www.thornlighting.ru/ru-ru/produkty/sistiemy-upravlieniia-osvieshchieniiem-i-avariinoie-osvieshchieniie/svietilniki-avariinogho-osvieshchieniia/Voyager_Star/voyager-star-recessed-tochiechnyie/96633250
VOYAGER STAR P MRCR SPOT ECP WH;;;LED;0,45;96633235;http://www.thornlighting.ru/ru-ru/produkty/sistiemy-upravlieniia-osvieshchieniiem-i-avariinoie-osvieshchieniie/svietilniki-avariinogho-osvieshchieniia/Voyager_Star/voyager-star-recessed-tochiechnyie/96633235
VOYAGER STAR P MSC ANT E1D SR;;;LED;1;96631648;http://www.thornlighting.ru/ru-ru/produkty/sistiemy-upravlieniia-osvieshchieniiem-i-avariinoie-osvieshchieniie/svietilniki-avariinogho-osvieshchieniia/Voyager_Star/voyager-star-surface-priedotvrashchieniie-paniki/96631648
VOYAGER STAR P MSC ANT E1D WH;;;LED;1;96631283;http://www.thornlighting.ru/ru-ru/produkty/sistiemy-upravlieniia-osvieshchieniiem-i-avariinoie-osvieshchieniie/svietilniki-avariinogho-osvieshchieniia/Voyager_Star/voyager-star-surface-priedotvrashchieniie-paniki/96631283
VOYAGER STAR P MSC ANT E3D SR;;;LED;1;96629598;http://www.thornlighting.ru/ru-ru/produkty/sistiemy-upravlieniia-osvieshchieniiem-i-avariinoie-osvieshchieniie/svietilniki-avariinogho-osvieshchieniia/Voyager_Star/voyager-star-surface-priedotvrashchieniie-paniki/96629598
VOYAGER STAR P MSC ANT E3D WH;;;LED;1;96629599;http://www.thornlighting.ru/ru-ru/produkty/sistiemy-upravlieniia-osvieshchieniiem-i-avariinoie-osvieshchieniie/svietilniki-avariinogho-osvieshchieniia/Voyager_Star/voyager-star-surface-priedotvrashchieniie-paniki/96629599
VOYAGER STAR P MSC ANT ECD SR;;;LED;0,65;96633240;http://www.thornlighting.ru/ru-ru/produkty/sistiemy-upravlieniia-osvieshchieniiem-i-avariinoie-osvieshchieniie/svietilniki-avariinogho-osvieshchieniia/Voyager_Star/voyager-star-surface-priedotvrashchieniie-paniki/96633240
VOYAGER STAR P MSC ANT ECD WH;;;LED;0,65;96633207;http://www.thornlighting.ru/ru-ru/produkty/sistiemy-upravlieniia-osvieshchieniiem-i-avariinoie-osvieshchieniie/svietilniki-avariinogho-osvieshchieniia/Voyager_Star/voyager-star-surface-priedotvrashchieniie-paniki/96633207
VOYAGER STAR P MSC ANT ECP SR;;;LED;0,65;96633246;http://www.thornlighting.ru/ru-ru/produkty/sistiemy-upravlieniia-osvieshchieniiem-i-avariinoie-osvieshchieniie/svietilniki-avariinogho-osvieshchieniia/Voyager_Star/voyager-star-surface-priedotvrashchieniie-paniki/96633246
VOYAGER STAR P MSC ANT ECP WH;;;LED;0,65;96633210;http://www.thornlighting.ru/ru-ru/produkty/sistiemy-upravlieniia-osvieshchieniiem-i-avariinoie-osvieshchieniie/svietilniki-avariinogho-osvieshchieniia/Voyager_Star/voyager-star-surface-priedotvrashchieniie-paniki/96633210
VOYAGER STAR P MSC ESC E3D SR;;;LED;1;96629600;http://www.thornlighting.ru/ru-ru/produkty/sistiemy-upravlieniia-osvieshchieniiem-i-avariinoie-osvieshchieniie/svietilniki-avariinogho-osvieshchieniia/Voyager_Star/voyager-star-surface-evakuatsiia/96629600
VOYAGER STAR P MSC ESC E3D WH;;;LED;1;96629601;http://www.thornlighting.ru/ru-ru/produkty/sistiemy-upravlieniia-osvieshchieniiem-i-avariinoie-osvieshchieniie/svietilniki-avariinogho-osvieshchieniia/Voyager_Star/voyager-star-surface-evakuatsiia/96629601
VOYAGER STAR P MSC ESC ECD SR;;;LED;0,65;96633239;http://www.thornlighting.ru/ru-ru/produkty/sistiemy-upravlieniia-osvieshchieniiem-i-avariinoie-osvieshchieniie/svietilniki-avariinogho-osvieshchieniia/Voyager_Star/voyager-star-surface-evakuatsiia/96633239
VOYAGER STAR P MSC ESC ECD WH;;;LED;0,65;96633225;http://www.thornlighting.ru/ru-ru/produkty/sistiemy-upravlieniia-osvieshchieniiem-i-avariinoie-osvieshchieniie/svietilniki-avariinogho-osvieshchieniia/Voyager_Star/voyager-star-surface-evakuatsiia/96633225
VOYAGER STAR P MSC ESC ECP SR;;;LED;0,65;96633245;http://www.thornlighting.ru/ru-ru/produkty/sistiemy-upravlieniia-osvieshchieniiem-i-avariinoie-osvieshchieniie/svietilniki-avariinogho-osvieshchieniia/Voyager_Star/voyager-star-surface-evakuatsiia/96633245
VOYAGER STAR P MSC ESC ECP WH;;;LED;0,65;96633232;http://www.thornlighting.ru/ru-ru/produkty/sistiemy-upravlieniia-osvieshchieniiem-i-avariinoie-osvieshchieniie/svietilniki-avariinogho-osvieshchieniia/Voyager_Star/voyager-star-surface-evakuatsiia/96633232
VOYAGER STAR P MSC SPOT E1D SR;;;LED;1;96631649;http://www.thornlighting.ru/ru-ru/produkty/sistiemy-upravlieniia-osvieshchieniiem-i-avariinoie-osvieshchieniie/svietilniki-avariinogho-osvieshchieniia/Voyager_Star/voyager-star-surface-tochiechnyie/96631649
VOYAGER STAR P MSC SPOT E1D WH;;;LED;1;96631646;http://www.thornlighting.ru/ru-ru/produkty/sistiemy-upravlieniia-osvieshchieniiem-i-avariinoie-osvieshchieniie/svietilniki-avariinogho-osvieshchieniia/Voyager_Star/voyager-star-surface-tochiechnyie/96631646
VOYAGER STAR P MSC SPOT E3D SR;;;LED;1;96631651;http://www.thornlighting.ru/ru-ru/produkty/sistiemy-upravlieniia-osvieshchieniiem-i-avariinoie-osvieshchieniie/svietilniki-avariinogho-osvieshchieniia/Voyager_Star/voyager-star-surface-tochiechnyie/96631651
VOYAGER STAR P MSC SPOT E3D WH;;;LED;1;96631650;http://www.thornlighting.ru/ru-ru/produkty/sistiemy-upravlieniia-osvieshchieniiem-i-avariinoie-osvieshchieniie/svietilniki-avariinogho-osvieshchieniia/Voyager_Star/voyager-star-surface-tochiechnyie/96631650
VOYAGER STAR P MSC SPOT ECD SR;;;LED;0,65;96633241;http://www.thornlighting.ru/ru-ru/produkty/sistiemy-upravlieniia-osvieshchieniiem-i-avariinoie-osvieshchieniie/svietilniki-avariinogho-osvieshchieniia/Voyager_Star/voyager-star-surface-tochiechnyie/96633241
VOYAGER STAR P MSC SPOT ECD WH;;;LED;0,65;96633226;http://www.thornlighting.ru/ru-ru/produkty/sistiemy-upravlieniia-osvieshchieniiem-i-avariinoie-osvieshchieniie/svietilniki-avariinogho-osvieshchieniia/Voyager_Star/voyager-star-surface-tochiechnyie/96633226
VOYAGER STAR P MSC SPOT ECP SR;;;LED;0,65;96633247;http://www.thornlighting.ru/ru-ru/produkty/sistiemy-upravlieniia-osvieshchieniiem-i-avariinoie-osvieshchieniie/svietilniki-avariinogho-osvieshchieniia/Voyager_Star/voyager-star-surface-tochiechnyie/96633247
VOYAGER STAR P MSC SPOT ECP WH;;;LED;0,65;96633233;http://www.thornlighting.ru/ru-ru/produkty/sistiemy-upravlieniia-osvieshchieniiem-i-avariinoie-osvieshchieniie/svietilniki-avariinogho-osvieshchieniia/Voyager_Star/voyager-star-surface-tochiechnyie/96633233
VOYAGER STAR SPOT LENSES;;;;0,06;59008194;http://www.thornlighting.ru/ru-ru/produkty/sistiemy-upravlieniia-osvieshchieniiem-i-avariinoie-osvieshchieniie/svietilniki-avariinogho-osvieshchieniia/Voyager_Star/zapasnyie-chasti-voyager-star/59008194
Voyager Style 115 Ballast ECD;;;;0,06;59010999;http://www.thornlighting.ru/ru-ru/produkty/sistiemy-upravlieniia-osvieshchieniiem-i-avariinoie-osvieshchieniie/svietilniki-avariinogho-osvieshchieniia/Voyager_Style/voyager-style-spares/59010999
Voyager Style 115 Ballast ECP;;;;0,06;59011002;http://www.thornlighting.ru/ru-ru/produkty/sistiemy-upravlieniia-osvieshchieniiem-i-avariinoie-osvieshchieniie/svietilniki-avariinogho-osvieshchieniia/Voyager_Style/voyager-style-spares/59011002
Voyager Style 150 Ballast ECD;;;;0,05;59011000;http://www.thornlighting.ru/ru-ru/produkty/sistiemy-upravlieniia-osvieshchieniiem-i-avariinoie-osvieshchieniie/svietilniki-avariinogho-osvieshchieniia/Voyager_Style/voyager-style-spares/59011000
Voyager Style 150 Ballast ECP;;;;0,06;59011003;http://www.thornlighting.ru/ru-ru/produkty/sistiemy-upravlieniia-osvieshchieniiem-i-avariinoie-osvieshchieniie/svietilniki-avariinogho-osvieshchieniia/Voyager_Style/voyager-style-spares/59011003
Voyager Style ACCU 3h;;;;0,1;59009397;http://www.thornlighting.ru/ru-ru/produkty/sistiemy-upravlieniia-osvieshchieniiem-i-avariinoie-osvieshchieniie/svietilniki-avariinogho-osvieshchieniia/Voyager_Style/voyager-style-spares/59009397
Voyager Style Ballast E3;;;;0,04;59009398;http://www.thornlighting.ru/ru-ru/produkty/sistiemy-upravlieniia-osvieshchieniiem-i-avariinoie-osvieshchieniie/svietilniki-avariinogho-osvieshchieniia/Voyager_Style/voyager-style-spares/59009398
Voyager Style Ballast E3T;;;;0,04;59009399;http://www.thornlighting.ru/ru-ru/produkty/sistiemy-upravlieniia-osvieshchieniiem-i-avariinoie-osvieshchieniie/svietilniki-avariinogho-osvieshchieniia/Voyager_Style/voyager-style-spares/59009399
Voyager Style Ballast ECC;;;;0,03;59009400;http://www.thornlighting.ru/ru-ru/produkty/sistiemy-upravlieniia-osvieshchieniiem-i-avariinoie-osvieshchieniie/svietilniki-avariinogho-osvieshchieniia/Voyager_Style/voyager-style-spares/59009400
Voyager Style Ballast ECS;;;;0,04;59010379;http://www.thornlighting.ru/ru-ru/produkty/sistiemy-upravlieniia-osvieshchieniiem-i-avariinoie-osvieshchieniie/svietilniki-avariinogho-osvieshchieniia/Voyager_Style/voyager-style-spares/59010379
Voyager Twin Spot ACCU;;;;0,35;96630380;http://www.thornlighting.ru/ru-ru/produkty/sistiemy-upravlieniia-osvieshchieniiem-i-avariinoie-osvieshchieniie/svietilniki-avariinogho-osvieshchieniia/Voyager_Twinspot/zapasnyie-chasti-voyager-twinspot/96630380
VOYAGER TWIN SPOT MSW E3-NM WH;;;LED;1,7;96629824;http://www.thornlighting.ru/ru-ru/produkty/sistiemy-upravlieniia-osvieshchieniiem-i-avariinoie-osvieshchieniie/svietilniki-avariinogho-osvieshchieniia/Voyager_Twinspot/voyager-twinspot/96629824
VOYAGER TWIN SPOT MSW E3X-NM WH;;;LED;1,7;96629825;http://www.thornlighting.ru/ru-ru/produkty/sistiemy-upravlieniia-osvieshchieniiem-i-avariinoie-osvieshchieniie/svietilniki-avariinogho-osvieshchieniia/Voyager_Twinspot/voyager-twinspot/96629825
WIRE SUSPENSION KIT 1,5M;;;;0,15;96204619;http://www.thornlighting.ru/ru-ru/produkty/vnutriennieie-osvieshchieniie/nakladnyie-i-podviesnyie-svietilniki/College/college-accessories/96204619
ZORIA BRAx1 1,3M MTP D76 R9006;;;;20;99074865;http://www.thornlighting.ru/ru-ru/produkty/naruzhnoie-osvieshchieniie/opory-i-kronshtieiny/Zoria/kronshtieiny/99074865
ZORIA BRAx1 1,5M MTP D76 R9006;;;;20;99074870;http://www.thornlighting.ru/ru-ru/produkty/naruzhnoie-osvieshchieniie/opory-i-kronshtieiny/Zoria/kronshtieiny/99074870
ZORIA BRAx2 1,3M MTP D76 R9006;;;;36;99074866;http://www.thornlighting.ru/ru-ru/produkty/naruzhnoie-osvieshchieniie/opory-i-kronshtieiny/Zoria/kronshtieiny/99074866
ZORIA BRAx2 1,5M MTP D76 R9006;;;;20;99074871;http://www.thornlighting.ru/ru-ru/produkty/naruzhnoie-osvieshchieniie/opory-i-kronshtieiny/Zoria/kronshtieiny/99074871
ZORIA COL 8M FAI R9006;;;;75;99075780;http://www.thornlighting.ru/ru-ru/produkty/naruzhnoie-osvieshchieniie/opory-i-kronshtieiny/Zoria/stolby/99075780
ZORIA COLCYL CON 10M R9006;;;;75;99075781;http://www.thornlighting.ru/ru-ru/produkty/naruzhnoie-osvieshchieniie/opory-i-kronshtieiny/Zoria/stolby/99075781
