Игровая приставка Microsoft Xbox Series X;45 590руб.
Игра для Xbox One Capcom Resident Evil: Village;4 990руб.
Игра для Xbox One EA FIFA 20;2 190руб.
Игра для Xbox One Take2 Grand Theft Auto V. Premium Edition;2 990руб.
Игра для Xbox One Take2 Red Dead Redemption 2;4 290руб.
Игра для Xbox One EA UFC 4;4 990руб.
Игра для Xbox One EA UFC 3;1 490руб.
Игра для Xbox One EA Звёздные Войны Джедаи: Павший Орден;3 490руб.
Игра для Xbox One EA NHL 20;2 190руб.
Игра для Xbox One EA Need for Speed Heat;3 490руб.
Игра для Xbox One WB Mortal Kombat XL;1 690руб.
Игра для Xbox One WB Mortal Kombat 11;2 990руб.
Игра для Xbox One Bethesda DOOM Eternal;3 990руб.
Подписка Microsoft Xbox Game Pass 3 месяца (PC);1 799руб.
Игра для Xbox One Square Enix Shadow of the Tomb Raider;3 990руб.
Цифровой пакет Microsoft Xbox Game Pass Ultimate+Megogo+Wikium 3 месяца;2 792руб.
Цифровой пакет Microsoft Xbox GamePass+Megogo+Wikium 3 месяца;2 242руб.
Игра для Xbox One Ubisoft Assassin's Creed: Одиссея;2 990руб.
Игра для Xbox One Ubisoft Assassin's Creed: Истоки;1 990руб.
Игра для Xbox One EA FIFA 19;790руб.
Игра для Xbox One EA Anthem;490руб.
Игра для Xbox One Ubisoft Far Cry: New Dawn. Superbloom Edition;1 390руб.
Игра для Xbox One Ubisoft Far Cry: New Dawn;1 990руб.
Игра для Xbox One Microsoft Crackdown 3;790руб.
Игра для Xbox One EA FIFA 18;690руб.
Игра для Xbox One Ubisoft Far Cry 5;1 990руб.
Игра для Xbox One EA Star Wars: Battlefront II;1 090руб.
Игра для Xbox One EA NHL 18;1 090руб.
Игра для Xbox One Ubisoft Watch Dogs 2;1 990руб.
Игра для Xbox One EA Battlefield V;1 990руб.
Игра для Xbox One WB Средиземье: Тени войны;1 790руб.
Игра для Xbox One Activision Call of Duty: WWII;3 990руб.
Игра для Xbox One Bethesda Evil Within;3 190руб.
Игра для Xbox One Activision Call of Duty: Black Ops 4;3 990руб.
Игра для Xbox One Bethesda Dishonored 2;3 190руб.
Игра для Xbox One EA NHL 19;1 990руб.
Игровая приставка Microsoft Xbox Series X;45 590руб.
Игра для Xbox One Capcom Resident Evil: Village;4 990руб.
Игра для Xbox One EA FIFA 20;2 190руб.
Игра для Xbox One Take2 Grand Theft Auto V. Premium Edition;2 990руб.
Игра для Xbox One Take2 Red Dead Redemption 2;4 290руб.
Игра для Xbox One EA UFC 4;4 990руб.
Игра для Xbox One EA UFC 3;1 490руб.
Игра для Xbox One EA Звёздные Войны Джедаи: Павший Орден;3 490руб.
Игра для Xbox One EA NHL 20;2 190руб.
Игра для Xbox One EA Need for Speed Heat;3 490руб.
Игра для Xbox One WB Mortal Kombat XL;1 690руб.
Игра для Xbox One WB Mortal Kombat 11;2 990руб.
Игра для Xbox One Bethesda DOOM Eternal;3 990руб.
Подписка Microsoft Xbox Game Pass 3 месяца (PC);1 799руб.
Игра для Xbox One Square Enix Shadow of the Tomb Raider;3 990руб.
Цифровой пакет Microsoft Xbox Game Pass Ultimate+Megogo+Wikium 3 месяца;2 792руб.
Цифровой пакет Microsoft Xbox GamePass+Megogo+Wikium 3 месяца;2 242руб.
Игра для Xbox One Ubisoft Assassin's Creed: Одиссея;2 990руб.
Игра для Xbox One Ubisoft Assassin's Creed: Истоки;1 990руб.
Игра для Xbox One EA FIFA 19;790руб.
Игра для Xbox One EA Anthem;490руб.
Игра для Xbox One Ubisoft Far Cry: New Dawn. Superbloom Edition;1 390руб.
Игра для Xbox One Ubisoft Far Cry: New Dawn;1 990руб.
Игра для Xbox One Microsoft Crackdown 3;790руб.
Игра для Xbox One EA FIFA 18;690руб.
Игра для Xbox One Ubisoft Far Cry 5;1 990руб.
Игра для Xbox One EA Star Wars: Battlefront II;1 090руб.
Игра для Xbox One EA NHL 18;1 090руб.
Игра для Xbox One Ubisoft Watch Dogs 2;1 990руб.
Игра для Xbox One EA Battlefield V;1 990руб.
Игра для Xbox One WB Средиземье: Тени войны;1 790руб.
Игра для Xbox One Activision Call of Duty: WWII;3 990руб.
Игра для Xbox One Bethesda Evil Within;3 190руб.
Игра для Xbox One Activision Call of Duty: Black Ops 4;3 990руб.
Игра для Xbox One Bethesda Dishonored 2;3 190руб.
Игра для Xbox One EA NHL 19;1 990руб.
Игровая приставка Microsoft Xbox Series X;45 590руб.
Игра для Xbox One Capcom Resident Evil: Village;4 990руб.
Игра для Xbox One EA FIFA 20;2 190руб.
Игра для Xbox One Take2 Grand Theft Auto V. Premium Edition;2 990руб.
Игра для Xbox One Take2 Red Dead Redemption 2;4 290руб.
Игра для Xbox One EA UFC 4;4 990руб.
Игра для Xbox One EA UFC 3;1 490руб.
Игра для Xbox One EA Звёздные Войны Джедаи: Павший Орден;3 490руб.
Игра для Xbox One EA NHL 20;2 190руб.
Игра для Xbox One EA Need for Speed Heat;3 490руб.
Игра для Xbox One WB Mortal Kombat XL;1 690руб.
Игра для Xbox One WB Mortal Kombat 11;2 990руб.
Игра для Xbox One Bethesda DOOM Eternal;3 990руб.
Подписка Microsoft Xbox Game Pass 3 месяца (PC);1 799руб.
Игра для Xbox One Square Enix Shadow of the Tomb Raider;3 990руб.
Цифровой пакет Microsoft Xbox Game Pass Ultimate+Megogo+Wikium 3 месяца;2 792руб.
Цифровой пакет Microsoft Xbox GamePass+Megogo+Wikium 3 месяца;2 242руб.
Игра для Xbox One Ubisoft Assassin's Creed: Одиссея;2 990руб.
Игра для Xbox One Ubisoft Assassin's Creed: Истоки;1 990руб.
Игра для Xbox One EA FIFA 19;790руб.
Игра для Xbox One EA Anthem;490руб.
Игра для Xbox One Ubisoft Far Cry: New Dawn. Superbloom Edition;1 390руб.
Игра для Xbox One Ubisoft Far Cry: New Dawn;1 990руб.
Игра для Xbox One Microsoft Crackdown 3;790руб.
Игра для Xbox One EA FIFA 18;690руб.
Игра для Xbox One Ubisoft Far Cry 5;1 990руб.
Игра для Xbox One EA Star Wars: Battlefront II;1 090руб.
Игра для Xbox One EA NHL 18;1 090руб.
Игра для Xbox One Ubisoft Watch Dogs 2;1 990руб.
Игра для Xbox One EA Battlefield V;1 990руб.
Игра для Xbox One WB Средиземье: Тени войны;1 790руб.
Игра для Xbox One Activision Call of Duty: WWII;3 990руб.
Игра для Xbox One Bethesda Evil Within;3 190руб.
Игра для Xbox One Activision Call of Duty: Black Ops 4;3 990руб.
Игра для Xbox One Bethesda Dishonored 2;3 190руб.
Игра для Xbox One EA NHL 19;1 990руб.
Игровая приставка Microsoft Xbox Series X;45 590руб.
Игра для Xbox One Capcom Resident Evil: Village;4 990руб.
Игра для Xbox One EA FIFA 20;2 190руб.
Игра для Xbox One Take2 Grand Theft Auto V. Premium Edition;2 990руб.
Игра для Xbox One Take2 Red Dead Redemption 2;4 290руб.
Игра для Xbox One EA UFC 4;4 990руб.
Игра для Xbox One EA UFC 3;1 490руб.
Игра для Xbox One EA Звёздные Войны Джедаи: Павший Орден;3 490руб.
Игра для Xbox One EA NHL 20;2 190руб.
Игра для Xbox One EA Need for Speed Heat;3 490руб.
Игра для Xbox One WB Mortal Kombat XL;1 690руб.
Игра для Xbox One WB Mortal Kombat 11;2 990руб.
Игра для Xbox One Bethesda DOOM Eternal;3 990руб.
Подписка Microsoft Xbox Game Pass 3 месяца (PC);1 799руб.
Игра для Xbox One Square Enix Shadow of the Tomb Raider;3 990руб.
Цифровой пакет Microsoft Xbox Game Pass Ultimate+Megogo+Wikium 3 месяца;2 792руб.
Цифровой пакет Microsoft Xbox GamePass+Megogo+Wikium 3 месяца;2 242руб.
Игра для Xbox One Ubisoft Assassin's Creed: Одиссея;2 990руб.
Игра для Xbox One Ubisoft Assassin's Creed: Истоки;1 990руб.
Игра для Xbox One EA FIFA 19;790руб.
Игра для Xbox One EA Anthem;490руб.
Игра для Xbox One Ubisoft Far Cry: New Dawn. Superbloom Edition;1 390руб.
Игра для Xbox One Ubisoft Far Cry: New Dawn;1 990руб.
Игра для Xbox One Microsoft Crackdown 3;790руб.
Игра для Xbox One EA FIFA 18;690руб.
Игра для Xbox One Ubisoft Far Cry 5;1 990руб.
Игра для Xbox One EA Star Wars: Battlefront II;1 090руб.
Игра для Xbox One EA NHL 18;1 090руб.
Игра для Xbox One Ubisoft Watch Dogs 2;1 990руб.
Игра для Xbox One EA Battlefield V;1 990руб.
Игра для Xbox One WB Средиземье: Тени войны;1 790руб.
Игра для Xbox One Activision Call of Duty: WWII;3 990руб.
Игра для Xbox One Bethesda Evil Within;3 190руб.
Игра для Xbox One Activision Call of Duty: Black Ops 4;3 990руб.
Игра для Xbox One Bethesda Dishonored 2;3 190руб.
Игра для Xbox One EA NHL 19;1 990руб.
