96632353;Изображение продукта.jpg
96632353;Описание.txt
96632353;Фотометрия LDT.ldt
96632353;Фотометрия IES.ies
96632353;Передать в ecoCALC, VIVALDI, DALEC or HILITE.zpf
96632353;Передать в программу проведения рассчетов Relux.rolf
96632353;Передать в программу рассчетов DIALux.uld
96632353;Паспорт на оборудование.pdf
96632353;Таблица фотометрических параметров.pdf
96632353;Комбинированный список параметров.pdf
96632353;Заявление о соответствии нормам CE.pdf
96632353;размерный эскиз.wmf
96632353;Руководство по монтажу.pdf
96632354;Изображение продукта.jpg
96632354;Описание.txt
96632354;Фотометрия LDT.ldt
96632354;Фотометрия IES.ies
96632354;Передать в ecoCALC, VIVALDI, DALEC or HILITE.zpf
96632354;Передать в программу проведения рассчетов Relux.rolf
96632354;Передать в программу рассчетов DIALux.uld
96632354;Паспорт на оборудование.pdf
96632354;Таблица фотометрических параметров.pdf
96632354;Комбинированный список параметров.pdf
96632354;Заявление о соответствии нормам CE.pdf
96632354;размерный эскиз.wmf
96632354;Руководство по монтажу.pdf
96632355;Изображение продукта.jpg
96632355;Описание.txt
96632355;Фотометрия LDT.ldt
96632355;Фотометрия IES.ies
96632355;Передать в ecoCALC, VIVALDI, DALEC or HILITE.zpf
96632355;Передать в программу проведения рассчетов Relux.rolf
96632355;Передать в программу рассчетов DIALux.uld
96632355;Паспорт на оборудование.pdf
96632355;Таблица фотометрических параметров.pdf
96632355;Комбинированный список параметров.pdf
96632355;Заявление о соответствии нормам CE.pdf
96632355;размерный эскиз.wmf
96632355;Руководство по монтажу.pdf
96632356;Изображение продукта.jpg
96632356;Описание.txt
96632356;Фотометрия LDT.ldt
96632356;Фотометрия IES.ies
96632356;Передать в ecoCALC, VIVALDI, DALEC or HILITE.zpf
96632356;Передать в программу проведения рассчетов Relux.rolf
96632356;Передать в программу рассчетов DIALux.uld
96632356;Паспорт на оборудование.pdf
96632356;Таблица фотометрических параметров.pdf
96632356;Комбинированный список параметров.pdf
96632356;Заявление о соответствии нормам CE.pdf
96632356;размерный эскиз.wmf
96632356;Руководство по монтажу.pdf
96632357;Изображение продукта.jpg
96632357;Описание.txt
96632357;Фотометрия LDT.ldt
96632357;Фотометрия IES.ies
96632357;Передать в ecoCALC, VIVALDI, DALEC or HILITE.zpf
96632357;Передать в программу проведения рассчетов Relux.rolf
96632357;Передать в программу рассчетов DIALux.uld
96632357;Паспорт на оборудование.pdf
96632357;Таблица фотометрических параметров.pdf
96632357;Комбинированный список параметров.pdf
96632357;Заявление о соответствии нормам CE.pdf
96632357;размерный эскиз.wmf
96632357;Руководство по монтажу.pdf
